EmployeeID,Age,YearsExperience,Department,EducationLevel,MonthlyHoursWorked,MonthlySalary
103.0,56.0,17.0,Unknown,Unknown,90.0,55000.0
436.0,39.0,18.0,Finance,high school,126.0,1000000.0
271.0,43.0,21.0,it,high school,206.0,95000.0
107.0,-10.0,36.0,Unknown,MSc,226.0,55000.0
72.0,42.0,31.0,HR,Unknown,197.0,55000.0
701.0,34.0,40.0,IT,MSc,222.0,165000.0
21.0,30.0,2.0,It,MSc,205.0,130000.0
615.0,37.0,27.0,HR,high school,235.0,205000.0
122.0,42.0,9.0,it,Unknown,231.0,125000.0
467.0,21.0,34.0,Finance,high school,151.0,125000.0
215.0,27.0,28.0,FINANCE,MSc,186.0,275000.0
331.0,20.0,14.0,HR,Unknown,216.0,240000.0
459.0,58.0,32.0,FINANCE,MSc,112.0,-50000.0
88.0,120.0,6.0,IT,PhD,98.0,200000.0
373.0,35.0,11.0,it,Unknown,153.0,260000.0
100.0,53.0,29.0,It,Unknown,236.0,165000.0
664.0,39.0,20.0,it,MSc,177.0,50000.0
131.0,51.0,30.0,it,PhD,220.0,100000.0
662.0,25.0,23.0,Hr,BSc,208.0,150000.0
309.0,57.0,19.0,it,high school,500.0,65000.0
770.0,-10.0,36.0,it,MSc,172.0,80000.0
344.0,36.0,3.0,Unknown,Unknown,127.0,175000.0
492.0,59.0,27.0,HR,high school,143.0,280000.0
414.0,58.0,19.0,It,high school,140.0,295000.0
386.0,54.0,23.0,Unknown,high school,236.0,105000.0
192.0,23.0,31.0,Unknown,BSc,118.0,200000.0
277.0,43.0,40.0,HR,High School,207.0,130000.0
161.0,51.0,35.0,HR,MSc,167.0,210000.0
460.0,120.0,33.0,IT,High School,105.0,100000.0
314.0,23.0,35.0,HR,High School,96.0,185000.0
22.0,54.0,1.0,Hr,High School,150.0,205000.0
253.0,50.0,14.0,Hr,high school,92.0,50000.0
748.0,39.0,33.0,Unknown,PhD,148.0,280000.0
561.0,38.0,35.0,FINANCE,high school,105.0,185000.0
475.0,23.0,5.0,IT,high school,128.0,-50000.0
59.0,23.0,38.0,FINANCE,Unknown,86.0,255000.0
511.0,21.0,19.946666666666665,FINANCE,Unknown,137.0,80000.0
682.0,47.0,11.0,Unknown,High School,128.0,55000.0
476.0,28.0,2.0,Finance,high school,182.0,255000.0
700.0,47.0,17.0,Unknown,High School,132.0,165000.0
783.0,48.0,39.0,It,Unknown,141.0,65000.0
190.0,41.0,20.0,It,PhD,96.0,265000.0
687.0,26.0,14.0,HR,MSc,104.0,140000.0
563.0,20.0,32.0,HR,High School,210.0,175000.0
567.0,48.0,34.0,Finance,PhD,108.0,100000.0
244.0,57.0,25.0,HR,MSc,196.0,245000.0
505.0,54.0,7.0,It,BSc,239.0,295000.0
131.0,53.0,35.0,FINANCE,High School,105.0,260000.0
485.0,41.0,29.0,Unknown,High School,203.0,100000.0
647.0,48.0,22.0,it,BSc,223.0,270000.0
21.0,23.0,19.946666666666665,Hr,BSc,104.0,60000.0
167.0,19.0,13.0,it,High School,133.0,105000.0
274.0,37.0,13.0,it,BSc,235.0,60000.0
388.0,45.0,1.0,It,high school,152.0,255000.0
601.0,28.0,36.0,it,MSc,199.0,180000.0
316.0,21.0,4.0,Unknown,MSc,135.0,290000.0
14.0,32.0,37.0,Finance,MSc,144.0,187989.69072164947
242.0,23.0,40.0,IT,high school,172.0,55000.0
777.0,47.0,13.0,HR,BSc,165.0,290000.0
346.0,55.0,38.0,IT,PhD,159.0,125000.0
565.0,19.0,24.0,FINANCE,BSc,187.0,55000.0
340.0,32.0,19.0,Unknown,High School,197.0,187989.69072164947
92.0,28.0,1.0,Unknown,Unknown,236.0,195000.0
367.0,25.0,38.0,Hr,MSc,162.0,145000.0
455.0,43.0,5.0,Unknown,BSc,226.0,235000.0
428.0,120.0,16.0,HR,PhD,94.0,185000.0
509.0,-10.0,24.0,Unknown,High School,210.0,170000.0
776.0,22.0,27.0,it,high school,218.0,205000.0
35.0,23.0,1.0,Hr,high school,109.0,95000.0
206.0,43.0,34.0,HR,PhD,136.0,255000.0
81.0,21.0,36.0,Finance,High School,225.0,245000.0
562.0,36.0,4.0,Finance,MSc,207.0,210000.0
388.0,37.0,0.0,Finance,BSc,127.0,110000.0
2.0,50.0,39.0,Finance,High School,215.0,250000.0
390.0,37.0,11.0,it,high school,101.0,187989.69072164947
566.0,29.0,35.0,Unknown,PhD,85.0,255000.0
106.0,18.0,22.0,IT,PhD,183.0,280000.0
772.0,43.0,30.0,HR,BSc,115.0,230000.0
477.0,31.0,10.0,it,PhD,158.0,187989.69072164947
703.0,55.0,9.0,Finance,PhD,195.0,125000.0
402.0,54.0,2.0,FINANCE,High School,136.0,270000.0
730.0,28.0,13.0,Unknown,MSc,128.0,155000.0
556.0,53.0,15.0,IT,BSc,161.0,145000.0
162.0,30.0,9.0,FINANCE,High School,145.0,295000.0
202.0,60.0,28.0,Hr,MSc,156.0,260000.0
270.0,20.0,9.0,FINANCE,High School,124.0,180000.0
271.0,50.0,11.0,Hr,Unknown,158.0,250000.0
456.0,23.0,29.0,Hr,High School,99.0,125000.0
462.0,27.0,40.0,Finance,PhD,202.0,215000.0
727.0,22.0,0.0,Hr,MSc,146.0,205000.0
252.0,40.0,4.0,It,BSc,162.0,175000.0
702.0,27.0,19.0,HR,BSc,82.0,170000.0
296.0,-10.0,7.0,HR,MSc,143.0,55000.0
725.0,19.0,11.0,Finance,PhD,119.0,105000.0
720.0,30.0,0.0,It,high school,138.0,245000.0
749.0,57.0,19.0,FINANCE,High School,141.0,90000.0
338.0,19.0,27.0,it,PhD,211.0,105000.0
53.0,37.0,36.0,FINANCE,Unknown,139.0,175000.0
792.0,18.0,36.0,Unknown,MSc,195.0,90000.0
217.0,54.0,11.0,it,High School,154.0,95000.0
764.0,26.0,36.0,Hr,BSc,201.0,205000.0
188.0,34.0,27.0,IT,high school,186.0,215000.0
380.0,26.0,14.0,it,Unknown,175.0,285000.0
493.0,28.0,5.0,IT,BSc,170.0,145000.0
41.0,32.0,19.0,HR,MSc,237.0,240000.0
157.0,41.0,13.0,IT,High School,209.0,55000.0
15.0,55.0,1.0,HR,MSc,141.0,50000.0
65.0,52.0,8.0,It,High School,128.0,300000.0
521.0,47.0,36.0,It,PhD,216.0,225000.0
344.0,48.0,19.0,Finance,high school,171.0,165000.0
129.0,22.0,25.0,Finance,PhD,238.0,187989.69072164947
648.0,-10.0,28.0,Hr,PhD,203.0,180000.0
472.0,31.0,0.0,it,MSc,140.0,55000.0
63.0,28.0,34.0,Hr,high school,127.0,200000.0
139.0,26.0,5.0,HR,High School,232.0,115000.0
499.0,51.0,36.0,Hr,High School,161.51661631419938,55000.0
593.0,29.0,4.0,IT,Unknown,215.0,190000.0
392.0,52.0,32.0,HR,BSc,137.0,120000.0
675.0,52.0,13.0,Finance,Unknown,180.0,105000.0
419.0,18.0,11.0,It,Unknown,191.0,230000.0
289.0,57.0,19.946666666666665,Finance,High School,141.0,185000.0
379.0,39.0,19.0,it,MSc,118.0,145000.0
773.0,46.0,23.0,HR,PhD,137.0,240000.0
490.0,25.0,33.0,HR,PhD,178.0,165000.0
231.0,28.0,24.0,IT,PhD,123.0,150000.0
41.0,58.0,28.0,it,high school,108.0,95000.0
28.0,54.0,38.0,It,High School,138.0,275000.0
135.0,31.0,30.0,FINANCE,MSc,150.0,115000.0
201.0,47.0,22.0,HR,high school,171.0,230000.0
780.0,52.0,37.0,HR,BSc,88.0,135000.0
33.0,38.0,19.0,IT,MSc,206.0,165000.0
48.0,54.0,22.0,Hr,Unknown,213.0,115000.0
503.0,22.0,15.0,Unknown,MSc,236.0,215000.0
407.0,36.0,19.946666666666665,It,MSc,224.0,105000.0
574.0,31.0,7.0,Finance,PhD,223.0,155000.0
728.0,43.0,20.0,it,MSc,210.0,75000.0
99.0,21.0,0.0,HR,Unknown,100.0,225000.0
684.0,42.0,7.0,HR,Unknown,143.0,270000.0
726.0,120.0,28.0,Finance,High School,169.0,225000.0
547.0,59.0,31.0,It,MSc,115.0,155000.0
739.0,42.0,37.0,Unknown,PhD,141.0,115000.0
613.0,35.0,4.0,Hr,MSc,155.0,125000.0
462.0,57.0,21.0,HR,BSc,92.0,225000.0
643.0,25.0,33.0,Unknown,BSc,90.0,170000.0
769.0,56.0,0.0,It,PhD,133.0,205000.0
5.0,57.0,25.0,Finance,High School,95.0,210000.0
218.0,31.0,9.0,IT,High School,87.0,270000.0
503.0,49.0,29.0,Hr,Unknown,183.0,225000.0
767.0,55.0,17.0,it,Unknown,138.0,145000.0
398.0,50.0,16.0,HR,high school,136.0,135000.0
795.0,40.0,25.0,It,PhD,119.0,235000.0
393.0,32.0,7.0,IT,MSc,209.0,60000.0
207.0,50.0,39.0,it,PhD,173.0,160000.0
15.0,42.0,11.0,FINANCE,high school,217.0,205000.0
554.0,34.0,26.0,It,Unknown,123.0,270000.0
461.0,50.0,7.0,It,PhD,218.0,125000.0
691.0,19.0,24.0,it,PhD,159.0,70000.0
575.0,31.0,3.0,IT,Unknown,160.0,65000.0
743.0,57.0,32.0,FINANCE,high school,81.0,150000.0
241.0,57.0,0.0,Unknown,Unknown,219.0,245000.0
564.0,56.0,18.0,Unknown,High School,194.0,300000.0
96.0,23.0,30.0,Finance,MSc,169.0,115000.0
734.0,23.0,15.0,IT,Unknown,102.0,240000.0
485.0,20.0,13.0,Hr,high school,225.0,200000.0
407.0,24.0,4.0,HR,BSc,141.0,115000.0
231.0,25.0,40.0,it,High School,192.0,75000.0
749.0,59.0,25.0,Finance,BSc,207.0,105000.0
655.0,32.0,27.0,FINANCE,Unknown,141.0,125000.0
171.0,46.0,1.0,it,High School,117.0,130000.0
541.0,50.0,5.0,it,MSc,140.0,270000.0
36.0,47.0,8.0,IT,Unknown,208.0,160000.0
525.0,56.0,32.0,HR,MSc,235.0,115000.0
160.0,44.0,40.0,Hr,PhD,228.0,80000.0
699.0,53.0,24.0,Unknown,BSc,201.0,275000.0
243.0,46.0,12.0,It,High School,189.0,205000.0
86.0,55.0,8.0,It,MSc,92.0,120000.0
796.0,50.0,12.0,it,high school,234.0,265000.0
578.0,54.0,30.0,Unknown,MSc,179.0,130000.0
682.0,44.0,40.0,Unknown,high school,214.0,250000.0
557.0,50.0,10.0,HR,Unknown,101.0,187989.69072164947
574.0,21.0,3.0,FINANCE,High School,153.0,280000.0
646.0,39.0,33.0,FINANCE,MSc,211.0,265000.0
796.0,19.0,37.0,Finance,MSc,102.0,215000.0
28.0,27.0,3.0,IT,High School,198.0,70000.0
620.0,22.0,37.0,HR,MSc,149.0,270000.0
556.0,27.0,18.0,HR,high school,163.0,180000.0
340.0,50.0,5.0,IT,MSc,180.0,1000000.0
798.0,55.0,33.0,Unknown,BSc,163.0,160000.0
331.0,30.0,17.0,FINANCE,Unknown,240.0,245000.0
640.0,48.0,12.0,FINANCE,PhD,107.0,115000.0
506.0,53.0,40.0,Unknown,high school,215.0,120000.0
348.0,120.0,22.0,FINANCE,BSc,80.0,260000.0
473.0,41.0,18.0,it,Unknown,142.0,210000.0
231.0,32.0,10.0,HR,High School,101.0,-50000.0
190.0,46.0,0.0,It,high school,149.0,200000.0
225.0,25.0,23.0,IT,PhD,204.0,220000.0
385.0,22.0,6.0,FINANCE,Unknown,228.0,130000.0
377.0,46.0,24.0,Finance,PhD,175.0,185000.0
283.0,21.0,20.0,FINANCE,High School,-20.0,140000.0
633.0,29.0,14.0,FINANCE,High School,158.0,275000.0
628.0,120.0,0.0,Hr,high school,84.0,187989.69072164947
745.0,19.0,11.0,it,MSc,139.0,160000.0
259.0,44.0,6.0,IT,High School,199.0,205000.0
359.0,48.0,14.0,Hr,Unknown,125.0,245000.0
710.0,53.0,20.0,Hr,MSc,213.0,110000.0
456.0,53.0,18.0,Finance,BSc,135.0,145000.0
411.0,43.0,28.0,HR,PhD,189.0,220000.0
649.0,60.0,24.0,Finance,MSc,236.0,70000.0
318.0,44.0,32.0,HR,PhD,183.0,90000.0
677.0,22.0,31.0,HR,MSc,156.0,190000.0
225.0,37.0,34.0,IT,BSc,225.0,75000.0
234.0,28.0,37.0,FINANCE,High School,81.0,170000.0
684.0,27.0,25.0,IT,BSc,87.0,200000.0
664.0,57.0,10.0,it,High School,154.0,155000.0
374.0,55.0,34.0,HR,High School,204.0,55000.0
672.0,23.0,7.0,Hr,PhD,117.0,270000.0
608.0,25.0,13.0,FINANCE,Unknown,106.0,70000.0
472.0,40.0,9.0,It,BSc,99.0,180000.0
233.0,43.0,1.0,it,MSc,219.0,170000.0
692.0,40.128702757916244,8.0,IT,BSc,122.0,85000.0
113.0,60.0,2.0,Finance,PhD,110.0,50000.0
497.0,29.0,20.0,it,High School,170.0,145000.0
442.0,43.0,25.0,it,PhD,140.0,265000.0
564.0,30.0,7.0,FINANCE,high school,188.0,160000.0
268.0,57.0,1.0,it,high school,170.0,205000.0
510.0,35.0,5.0,it,MSc,-20.0,100000.0
386.0,42.0,27.0,It,PhD,174.0,240000.0
387.0,50.0,28.0,Unknown,MSc,222.0,280000.0
113.0,57.0,25.0,Finance,MSc,223.0,187989.69072164947
613.0,60.0,24.0,Finance,high school,92.0,165000.0
625.0,29.0,11.0,Finance,MSc,192.0,100000.0
81.0,-10.0,4.0,HR,high school,114.0,190000.0
699.0,53.0,33.0,Hr,High School,228.0,187989.69072164947
113.0,21.0,36.0,Unknown,PhD,237.0,175000.0
2.0,22.0,14.0,Finance,MSc,127.0,125000.0
642.0,54.0,35.0,it,high school,114.0,220000.0
220.0,25.0,14.0,it,BSc,165.0,145000.0
566.0,59.0,22.0,Finance,MSc,238.0,275000.0
736.0,45.0,5.0,FINANCE,Unknown,231.0,60000.0
225.0,48.0,20.0,Finance,High School,193.0,50000.0
385.0,26.0,22.0,it,High School,179.0,-50000.0
403.0,46.0,15.0,HR,BSc,239.0,280000.0
638.0,31.0,14.0,IT,high school,178.0,50000.0
130.0,57.0,24.0,IT,MSc,82.0,130000.0
53.0,58.0,35.0,Unknown,high school,164.0,55000.0
684.0,39.0,10.0,Unknown,High School,204.0,190000.0
730.0,28.0,14.0,Finance,high school,217.0,145000.0
672.0,40.0,3.0,It,High School,162.0,75000.0
710.0,18.0,20.0,Finance,high school,104.0,85000.0
416.0,40.128702757916244,12.0,FINANCE,BSc,147.0,190000.0
247.0,54.0,21.0,Finance,PhD,140.0,285000.0
439.0,38.0,18.0,Unknown,BSc,108.0,300000.0
203.0,43.0,33.0,IT,BSc,206.0,210000.0
184.0,40.128702757916244,13.0,it,PhD,98.0,60000.0
123.0,53.0,3.0,Finance,PhD,153.0,220000.0
401.0,40.0,26.0,it,MSc,140.0,70000.0
767.0,18.0,28.0,it,MSc,232.0,180000.0
294.0,57.0,27.0,It,BSc,99.0,265000.0
280.0,32.0,34.0,it,BSc,127.0,105000.0
610.0,38.0,7.0,IT,High School,166.0,145000.0
198.0,26.0,15.0,HR,High School,231.0,270000.0
511.0,26.0,19.946666666666665,HR,MSc,218.0,145000.0
752.0,27.0,35.0,Hr,Unknown,189.0,90000.0
144.0,43.0,29.0,FINANCE,Unknown,107.0,240000.0
609.0,58.0,17.0,Finance,MSc,138.0,65000.0
201.0,52.0,1.0,FINANCE,High School,212.0,300000.0
124.0,42.0,12.0,IT,High School,130.0,187989.69072164947
187.0,43.0,3.0,it,Unknown,228.0,140000.0
326.0,28.0,25.0,HR,high school,91.0,235000.0
464.0,55.0,24.0,FINANCE,high school,129.0,180000.0
349.0,19.0,29.0,IT,High School,211.0,270000.0
771.0,24.0,10.0,HR,high school,192.0,260000.0
660.0,35.0,6.0,it,PhD,232.0,110000.0
764.0,44.0,30.0,FINANCE,MSc,93.0,110000.0
403.0,51.0,9.0,HR,MSc,111.0,155000.0
346.0,44.0,38.0,Finance,High School,218.0,185000.0
511.0,34.0,12.0,Unknown,BSc,225.0,1000000.0
147.0,60.0,30.0,Finance,Unknown,234.0,280000.0
148.0,-10.0,6.0,Hr,High School,134.0,-50000.0
711.0,41.0,19.946666666666665,Hr,high school,199.0,270000.0
489.0,42.0,19.946666666666665,HR,Unknown,154.0,155000.0
640.0,24.0,35.0,Unknown,BSc,100.0,260000.0
551.0,23.0,19.0,IT,high school,212.0,140000.0
338.0,41.0,3.0,Finance,PhD,166.0,85000.0
641.0,50.0,6.0,IT,high school,138.0,1000000.0
779.0,46.0,0.0,Unknown,PhD,168.0,85000.0
473.0,60.0,19.946666666666665,IT,Unknown,229.0,255000.0
151.0,39.0,12.0,Unknown,PhD,162.0,175000.0
415.0,43.0,21.0,HR,Unknown,144.0,285000.0
298.0,45.0,20.0,IT,Unknown,143.0,300000.0
611.0,38.0,21.0,Finance,Unknown,150.0,175000.0
263.0,24.0,27.0,it,Unknown,83.0,160000.0
764.0,34.0,8.0,Hr,Unknown,222.0,260000.0
144.0,37.0,25.0,it,high school,183.0,110000.0
346.0,58.0,8.0,IT,Unknown,229.0,185000.0
624.0,37.0,14.0,it,high school,172.0,90000.0
572.0,39.0,9.0,Finance,Unknown,221.0,145000.0
2.0,45.0,23.0,Finance,PhD,227.0,140000.0
304.0,57.0,19.946666666666665,IT,Unknown,191.0,285000.0
254.0,24.0,7.0,HR,BSc,240.0,240000.0
652.0,18.0,23.0,it,Unknown,198.0,300000.0
453.0,49.0,15.0,HR,Unknown,138.0,105000.0
37.0,30.0,25.0,HR,PhD,122.0,120000.0
160.0,47.0,26.0,Unknown,MSc,91.0,200000.0
9.0,40.0,36.0,It,PhD,119.0,115000.0
233.0,36.0,3.0,IT,BSc,197.0,100000.0
99.0,49.0,23.0,Hr,MSc,99.0,175000.0
659.0,47.0,18.0,Finance,High School,210.0,255000.0
208.0,46.0,35.0,Finance,High School,235.0,180000.0
131.0,120.0,38.0,IT,BSc,169.0,100000.0
404.0,46.0,9.0,Unknown,PhD,173.0,235000.0
152.0,47.0,24.0,FINANCE,high school,92.0,215000.0
54.0,33.0,17.0,FINANCE,BSc,145.0,260000.0
120.0,57.0,18.0,FINANCE,MSc,116.0,140000.0
673.0,36.0,35.0,Unknown,MSc,145.0,75000.0
628.0,35.0,9.0,Hr,Unknown,115.0,275000.0
587.0,18.0,32.0,Finance,High School,105.0,1000000.0
625.0,31.0,4.0,IT,MSc,154.0,235000.0
420.0,19.0,34.0,Unknown,BSc,187.0,290000.0
422.0,45.0,33.0,Finance,MSc,122.0,255000.0
104.0,47.0,32.0,HR,BSc,229.0,185000.0
254.0,55.0,20.0,it,high school,227.0,50000.0
227.0,21.0,16.0,it,Unknown,87.0,220000.0
112.0,18.0,21.0,Unknown,High School,108.0,245000.0
510.0,25.0,36.0,Finance,MSc,119.0,85000.0
473.0,46.0,14.0,It,BSc,237.0,1000000.0
99.0,56.0,34.0,Hr,PhD,207.0,187989.69072164947
153.0,20.0,27.0,FINANCE,High School,163.0,280000.0
338.0,49.0,6.0,Hr,high school,195.0,80000.0
706.0,27.0,31.0,Hr,BSc,223.0,100000.0
163.0,27.0,10.0,Unknown,Unknown,141.0,240000.0
720.0,36.0,9.0,HR,Unknown,86.0,65000.0
681.0,40.128702757916244,8.0,Hr,high school,124.0,170000.0
161.0,51.0,13.0,it,high school,234.0,105000.0
580.0,50.0,12.0,HR,Unknown,167.0,175000.0
400.7975951903808,40.0,24.0,IT,MSc,152.0,235000.0
398.0,45.0,1.0,Hr,MSc,-20.0,275000.0
277.0,49.0,34.0,Hr,BSc,116.0,105000.0
504.0,24.0,6.0,IT,PhD,198.0,260000.0
392.0,46.0,20.0,Hr,BSc,136.0,300000.0
135.0,25.0,17.0,IT,PhD,87.0,-50000.0
195.0,18.0,2.0,HR,high school,174.0,230000.0
401.0,20.0,19.946666666666665,it,High School,196.0,275000.0
640.0,41.0,38.0,IT,BSc,189.0,-50000.0
33.0,40.0,40.0,It,BSc,99.0,165000.0
688.0,25.0,10.0,Unknown,PhD,203.0,125000.0
460.0,54.0,38.0,Unknown,high school,132.0,110000.0
470.0,20.0,23.0,IT,high school,198.0,170000.0
375.0,50.0,18.0,Unknown,PhD,91.0,187989.69072164947
22.0,45.0,3.0,Hr,high school,96.0,187989.69072164947
750.0,25.0,25.0,FINANCE,Unknown,143.0,1000000.0
670.0,51.0,37.0,FINANCE,MSc,121.0,187989.69072164947
38.0,52.0,19.946666666666665,Unknown,Unknown,173.0,65000.0
230.0,49.0,31.0,HR,High School,236.0,100000.0
365.0,41.0,38.0,Finance,BSc,226.0,205000.0
563.0,31.0,35.0,HR,High School,90.0,290000.0
438.0,49.0,39.0,Finance,BSc,177.0,80000.0
776.0,40.128702757916244,36.0,FINANCE,MSc,150.0,275000.0
283.0,60.0,32.0,FINANCE,high school,187.0,100000.0
27.0,33.0,35.0,IT,Unknown,137.0,185000.0
226.0,21.0,2.0,it,PhD,113.0,187989.69072164947
277.0,54.0,8.0,It,Unknown,99.0,250000.0
798.0,38.0,7.0,HR,MSc,129.0,160000.0
609.0,31.0,32.0,Hr,High School,181.0,270000.0
284.0,48.0,5.0,Finance,PhD,217.0,160000.0
481.0,35.0,40.0,Unknown,high school,239.0,295000.0
453.0,24.0,38.0,Hr,MSc,131.0,185000.0
659.0,27.0,3.0,it,PhD,94.0,260000.0
516.0,24.0,12.0,Finance,MSc,163.0,280000.0
547.0,50.0,1.0,HR,MSc,210.0,175000.0
192.0,40.0,4.0,IT,high school,116.0,170000.0
49.0,38.0,26.0,Hr,BSc,205.0,187989.69072164947
512.0,36.0,31.0,it,PhD,119.0,190000.0
17.0,36.0,20.0,HR,high school,151.0,140000.0
172.0,53.0,7.0,FINANCE,MSc,119.0,210000.0
220.0,46.0,37.0,FINANCE,high school,135.0,225000.0
158.0,35.0,7.0,HR,BSc,230.0,115000.0
477.0,19.0,2.0,HR,Unknown,183.0,115000.0
46.0,18.0,2.0,HR,PhD,218.0,220000.0
373.0,22.0,21.0,Finance,BSc,189.0,195000.0
518.0,37.0,5.0,HR,High School,215.0,185000.0
99.0,28.0,1.0,Hr,PhD,172.0,130000.0
745.0,59.0,22.0,it,BSc,173.0,60000.0
37.0,19.0,1.0,Finance,MSc,135.0,125000.0
280.0,20.0,37.0,HR,PhD,139.0,275000.0
349.0,40.0,16.0,It,PhD,217.0,195000.0
497.0,29.0,34.0,Unknown,high school,118.0,1000000.0
302.0,37.0,33.0,It,MSc,107.0,190000.0
181.0,22.0,22.0,it,High School,128.0,270000.0
607.0,54.0,29.0,FINANCE,Unknown,161.51661631419938,120000.0
99.0,55.0,7.0,IT,BSc,204.0,275000.0
700.0,47.0,21.0,IT,high school,92.0,170000.0
116.0,26.0,35.0,Unknown,BSc,115.0,300000.0
191.0,51.0,4.0,FINANCE,High School,180.0,235000.0
253.0,-10.0,12.0,Finance,High School,105.0,255000.0
161.0,52.0,28.0,Finance,PhD,165.0,280000.0
256.0,39.0,30.0,Finance,High School,83.0,-50000.0
323.0,-10.0,15.0,IT,BSc,161.0,187989.69072164947
128.0,41.0,19.946666666666665,It,MSc,206.0,1000000.0
18.0,34.0,29.0,IT,MSc,167.0,235000.0
793.0,27.0,15.0,Hr,PhD,206.0,160000.0
735.0,47.0,11.0,HR,Unknown,199.0,170000.0
566.0,40.128702757916244,16.0,Finance,BSc,101.0,255000.0
570.0,40.0,15.0,It,BSc,209.0,80000.0
323.0,49.0,11.0,it,High School,110.0,155000.0
686.0,34.0,7.0,Unknown,BSc,198.0,130000.0
792.0,34.0,19.0,it,high school,90.0,135000.0
626.0,31.0,2.0,HR,Unknown,125.0,290000.0
288.0,26.0,15.0,It,High School,175.0,250000.0
663.0,57.0,29.0,IT,high school,89.0,95000.0
639.0,19.0,22.0,IT,PhD,207.0,95000.0
155.0,120.0,27.0,Hr,MSc,231.0,80000.0
490.0,42.0,39.0,Hr,PhD,178.0,285000.0
386.0,56.0,4.0,IT,MSc,191.0,295000.0
785.0,26.0,19.0,it,PhD,139.0,235000.0
104.0,39.0,39.0,Unknown,BSc,166.0,180000.0
393.0,60.0,0.0,Finance,high school,224.0,1000000.0
246.0,40.128702757916244,29.0,it,MSc,144.0,210000.0
176.0,21.0,20.0,Unknown,High School,136.0,50000.0
39.0,43.0,19.0,Hr,high school,185.0,265000.0
477.0,46.0,5.0,HR,High School,88.0,-50000.0
682.0,120.0,21.0,Unknown,high school,101.0,215000.0
759.0,51.0,17.0,IT,high school,220.0,65000.0
538.0,40.0,7.0,Hr,PhD,168.0,130000.0
408.0,54.0,38.0,Hr,MSc,97.0,65000.0
525.0,28.0,31.0,Finance,MSc,194.0,260000.0
506.0,23.0,32.0,IT,high school,224.0,187989.69072164947
36.0,35.0,15.0,Finance,BSc,222.0,175000.0
685.0,38.0,11.0,IT,BSc,185.0,65000.0
20.0,59.0,37.0,Finance,High School,94.0,50000.0
321.0,53.0,33.0,Unknown,High School,142.0,80000.0
776.0,58.0,13.0,it,PhD,92.0,195000.0
512.0,55.0,35.0,HR,high school,160.0,295000.0
400.0,51.0,32.0,HR,High School,111.0,90000.0
654.0,34.0,22.0,IT,High School,216.0,220000.0
471.0,54.0,1.0,It,Unknown,119.0,85000.0
143.0,42.0,40.0,FINANCE,high school,227.0,165000.0
92.0,55.0,20.0,Hr,PhD,161.0,140000.0
354.0,29.0,1.0,Hr,High School,156.0,225000.0
800.0,40.0,26.0,IT,PhD,155.0,295000.0
727.0,59.0,8.0,Unknown,MSc,117.0,1000000.0
51.0,39.0,0.0,Finance,PhD,150.0,260000.0
665.0,38.0,10.0,It,BSc,127.0,180000.0
698.0,44.0,2.0,it,BSc,97.0,205000.0
575.0,48.0,22.0,Finance,PhD,223.0,115000.0
190.0,23.0,25.0,Finance,BSc,118.0,135000.0
125.0,44.0,3.0,IT,MSc,168.0,185000.0
150.0,57.0,17.0,IT,high school,141.0,190000.0
314.0,51.0,5.0,Unknown,BSc,220.0,125000.0
570.0,29.0,34.0,Hr,BSc,188.0,220000.0
342.0,120.0,21.0,IT,PhD,160.0,280000.0
305.0,24.0,14.0,IT,MSc,213.0,200000.0
692.0,27.0,21.0,IT,high school,156.0,65000.0
682.0,120.0,36.0,Unknown,PhD,169.0,230000.0
783.0,34.0,19.946666666666665,Hr,PhD,93.0,130000.0
54.0,43.0,11.0,it,Unknown,174.0,240000.0
444.0,38.0,19.946666666666665,it,MSc,133.0,285000.0
613.0,45.0,37.0,FINANCE,high school,211.0,275000.0
264.0,40.128702757916244,17.0,FINANCE,MSc,118.0,175000.0
53.0,19.0,34.0,IT,high school,151.0,285000.0
572.0,60.0,29.0,FINANCE,MSc,104.0,240000.0
620.0,18.0,23.0,Hr,PhD,156.0,250000.0
5.0,53.0,19.946666666666665,Unknown,PhD,239.0,65000.0
103.0,43.0,29.0,it,High School,199.0,195000.0
196.0,46.0,13.0,Finance,BSc,132.0,195000.0
774.0,38.0,5.0,it,Unknown,235.0,155000.0
350.0,28.0,2.0,it,MSc,210.0,100000.0
47.0,57.0,15.0,Hr,Unknown,229.0,55000.0
656.0,28.0,6.0,FINANCE,High School,175.0,265000.0
269.0,53.0,13.0,Finance,BSc,151.0,105000.0
370.0,56.0,8.0,Hr,MSc,141.0,195000.0
636.0,57.0,14.0,IT,high school,85.0,225000.0
106.0,52.0,20.0,Unknown,BSc,111.0,135000.0
670.0,51.0,34.0,HR,PhD,178.0,175000.0
659.0,41.0,1.0,it,High School,217.0,-50000.0
657.0,39.0,26.0,HR,BSc,210.0,80000.0
120.0,22.0,1.0,Unknown,BSc,155.0,50000.0
787.0,50.0,34.0,Unknown,PhD,138.0,175000.0
604.0,53.0,17.0,Hr,MSc,110.0,160000.0
58.0,37.0,13.0,Hr,high school,172.0,175000.0
346.0,36.0,19.0,Hr,PhD,148.0,270000.0
741.0,52.0,17.0,HR,high school,131.0,75000.0
474.0,60.0,9.0,Hr,MSc,168.0,75000.0
117.0,34.0,24.0,Unknown,BSc,206.0,265000.0
791.0,120.0,1.0,IT,high school,110.0,85000.0
127.0,60.0,24.0,Hr,High School,163.0,165000.0
393.0,51.0,32.0,It,High School,206.0,155000.0
641.0,26.0,35.0,FINANCE,PhD,229.0,140000.0
58.0,43.0,30.0,HR,MSc,211.0,230000.0
634.0,19.0,13.0,It,PhD,92.0,135000.0
513.0,26.0,0.0,Hr,PhD,124.0,200000.0
751.0,26.0,15.0,Unknown,Unknown,206.0,230000.0
96.0,57.0,2.0,IT,PhD,193.0,195000.0
638.0,34.0,34.0,it,Unknown,99.0,255000.0
118.0,18.0,40.0,Finance,High School,160.0,210000.0
560.0,42.0,5.0,FINANCE,High School,161.51661631419938,95000.0
601.0,60.0,24.0,Finance,PhD,208.0,230000.0
488.0,57.0,12.0,Hr,High School,222.0,105000.0
237.0,59.0,33.0,FINANCE,MSc,96.0,187989.69072164947
272.0,42.0,7.0,FINANCE,Unknown,231.0,195000.0
189.0,56.0,20.0,IT,Unknown,137.0,180000.0
704.0,52.0,33.0,FINANCE,PhD,151.0,240000.0
447.0,20.0,3.0,HR,High School,188.0,90000.0
581.0,54.0,24.0,It,high school,102.0,187989.69072164947
790.0,-10.0,14.0,It,Unknown,151.0,150000.0
247.0,-10.0,3.0,It,PhD,87.0,105000.0
76.0,47.0,11.0,HR,PhD,138.0,190000.0
154.0,55.0,31.0,Finance,MSc,190.0,210000.0
656.0,51.0,31.0,IT,BSc,92.0,260000.0
435.0,29.0,27.0,FINANCE,BSc,235.0,-50000.0
86.0,36.0,12.0,HR,Unknown,95.0,120000.0
697.0,54.0,30.0,It,MSc,198.0,55000.0
285.0,-10.0,13.0,Hr,MSc,81.0,1000000.0
220.0,34.0,19.0,it,MSc,224.0,240000.0
69.0,27.0,17.0,FINANCE,Unknown,109.0,-50000.0
47.0,29.0,28.0,HR,BSc,182.0,265000.0
94.0,33.0,5.0,Unknown,MSc,92.0,187989.69072164947
750.0,41.0,31.0,HR,High School,175.0,135000.0
453.0,36.0,28.0,IT,PhD,173.0,60000.0
204.0,25.0,1.0,IT,PhD,161.0,80000.0
218.0,48.0,22.0,HR,high school,92.0,260000.0
474.0,38.0,18.0,It,high school,173.0,135000.0
432.0,34.0,30.0,it,Unknown,228.0,265000.0
341.0,40.0,4.0,FINANCE,Unknown,191.0,235000.0
551.0,54.0,18.0,IT,PhD,134.0,230000.0
612.0,33.0,33.0,FINANCE,High School,160.0,210000.0
289.0,23.0,9.0,It,BSc,195.0,265000.0
254.0,25.0,24.0,FINANCE,BSc,222.0,200000.0
734.0,42.0,1.0,Hr,Unknown,187.0,100000.0
357.0,35.0,10.0,IT,High School,132.0,65000.0
23.0,42.0,30.0,It,Unknown,207.0,135000.0
762.0,29.0,14.0,It,BSc,237.0,65000.0
522.0,32.0,8.0,it,Unknown,240.0,290000.0
758.0,43.0,22.0,it,MSc,136.0,215000.0
100.0,58.0,18.0,Hr,Unknown,131.0,190000.0
180.0,120.0,8.0,It,PhD,216.0,165000.0
223.0,43.0,34.0,Finance,Unknown,190.0,155000.0
762.0,49.0,20.0,It,PhD,80.0,55000.0
659.0,27.0,8.0,it,High School,123.0,265000.0
442.0,33.0,27.0,Finance,BSc,154.0,75000.0
608.0,24.0,6.0,IT,high school,177.0,255000.0
769.0,34.0,15.0,IT,high school,88.0,170000.0
325.0,40.0,15.0,FINANCE,BSc,111.0,150000.0
516.0,43.0,32.0,HR,high school,94.0,125000.0
16.0,38.0,3.0,it,Unknown,219.0,200000.0
792.0,39.0,3.0,HR,High School,215.0,115000.0
336.0,24.0,38.0,Finance,High School,151.0,240000.0
759.0,31.0,39.0,it,BSc,234.0,185000.0
258.0,32.0,16.0,Hr,high school,91.0,205000.0
497.0,24.0,36.0,It,Unknown,144.0,185000.0
160.0,26.0,38.0,Hr,High School,186.0,300000.0
475.0,25.0,28.0,Finance,High School,121.0,290000.0
664.0,40.0,35.0,it,MSc,194.0,90000.0
690.0,46.0,37.0,Unknown,MSc,218.0,270000.0
675.0,35.0,38.0,Finance,High School,182.0,155000.0
380.0,48.0,36.0,Unknown,BSc,174.0,205000.0
545.0,47.0,34.0,It,PhD,96.0,70000.0
691.0,56.0,6.0,IT,PhD,239.0,160000.0
427.0,52.0,26.0,IT,Unknown,164.0,70000.0
613.0,35.0,27.0,Finance,High School,230.0,255000.0
268.0,59.0,21.0,HR,High School,135.0,-50000.0
577.0,56.0,13.0,it,High School,213.0,205000.0
417.0,34.0,6.0,it,BSc,165.0,95000.0
168.0,31.0,36.0,IT,MSc,181.0,240000.0
43.0,48.0,21.0,FINANCE,High School,133.0,120000.0
556.0,41.0,4.0,Hr,High School,194.0,80000.0
285.0,52.0,1.0,FINANCE,high school,218.0,190000.0
397.0,-10.0,26.0,It,BSc,167.0,280000.0
12.0,120.0,20.0,Hr,Unknown,128.0,60000.0
607.0,51.0,37.0,Hr,High School,228.0,140000.0
302.0,20.0,14.0,Finance,high school,194.0,95000.0
253.0,54.0,20.0,IT,PhD,142.0,185000.0
499.0,60.0,9.0,FINANCE,Unknown,183.0,190000.0
754.0,57.0,22.0,FINANCE,High School,162.0,120000.0
35.0,43.0,38.0,IT,High School,182.0,220000.0
727.0,40.0,4.0,FINANCE,high school,235.0,75000.0
90.0,-10.0,0.0,Unknown,BSc,96.0,105000.0
776.0,56.0,12.0,IT,High School,85.0,280000.0
605.0,32.0,20.0,Finance,PhD,226.0,235000.0
602.0,21.0,25.0,HR,High School,107.0,110000.0
418.0,46.0,20.0,Hr,PhD,117.0,190000.0
115.0,39.0,17.0,Finance,Unknown,198.0,140000.0
617.0,42.0,36.0,it,Unknown,116.0,60000.0
196.0,30.0,31.0,It,MSc,194.0,85000.0
501.0,35.0,35.0,HR,MSc,147.0,85000.0
626.0,50.0,16.0,it,PhD,122.0,145000.0
493.0,33.0,34.0,Hr,BSc,161.51661631419938,280000.0
75.0,120.0,10.0,FINANCE,High School,137.0,65000.0
413.0,59.0,20.0,IT,High School,92.0,300000.0
376.0,-10.0,25.0,Hr,MSc,131.0,150000.0
420.0,19.0,3.0,Finance,PhD,137.0,60000.0
729.0,52.0,33.0,It,High School,111.0,270000.0
277.0,59.0,17.0,Finance,High School,184.0,85000.0
761.0,51.0,39.0,HR,BSc,162.0,160000.0
676.0,47.0,34.0,HR,high school,178.0,125000.0
394.0,30.0,40.0,It,MSc,183.0,110000.0
457.0,30.0,28.0,Unknown,MSc,107.0,60000.0
192.0,35.0,28.0,it,high school,208.0,285000.0
739.0,49.0,37.0,it,High School,127.0,90000.0
689.0,49.0,19.946666666666665,HR,BSc,119.0,115000.0
99.0,52.0,20.0,HR,BSc,176.0,110000.0
548.0,56.0,19.946666666666665,FINANCE,MSc,193.0,-50000.0
96.0,40.128702757916244,12.0,IT,BSc,211.0,80000.0
664.0,46.0,40.0,FINANCE,Unknown,234.0,120000.0
663.0,46.0,16.0,FINANCE,high school,216.0,80000.0
190.0,-10.0,8.0,Unknown,High School,190.0,235000.0
736.0,33.0,40.0,it,Unknown,223.0,215000.0
37.0,-10.0,0.0,Unknown,high school,155.0,250000.0
780.0,27.0,1.0,Unknown,PhD,110.0,155000.0
369.0,47.0,28.0,It,MSc,198.0,165000.0
695.0,42.0,32.0,it,BSc,221.0,290000.0
525.0,56.0,9.0,IT,PhD,104.0,230000.0
279.0,37.0,39.0,Finance,BSc,113.0,265000.0
217.0,22.0,20.0,HR,Unknown,146.0,50000.0
798.0,18.0,27.0,HR,High School,231.0,95000.0
273.0,47.0,10.0,IT,High School,197.0,260000.0
62.0,20.0,33.0,Unknown,High School,152.0,125000.0
596.0,120.0,7.0,FINANCE,BSc,105.0,275000.0
729.0,31.0,21.0,It,PhD,227.0,85000.0
342.0,47.0,7.0,Unknown,High School,183.0,290000.0
397.0,21.0,14.0,HR,PhD,89.0,170000.0
699.0,35.0,16.0,Hr,BSc,146.0,295000.0
19.0,54.0,22.0,FINANCE,Unknown,231.0,105000.0
177.0,42.0,23.0,HR,PhD,84.0,170000.0
612.0,18.0,18.0,Hr,Unknown,106.0,130000.0
396.0,40.128702757916244,4.0,Unknown,BSc,192.0,175000.0
445.0,32.0,31.0,IT,BSc,94.0,275000.0
233.0,26.0,0.0,IT,MSc,-20.0,285000.0
76.0,32.0,22.0,FINANCE,BSc,184.0,115000.0
265.0,41.0,36.0,HR,BSc,123.0,250000.0
455.0,21.0,7.0,it,high school,105.0,225000.0
796.0,29.0,12.0,Hr,High School,500.0,160000.0
718.0,54.0,7.0,It,MSc,174.0,260000.0
735.0,54.0,22.0,HR,MSc,163.0,75000.0
384.0,60.0,0.0,It,MSc,219.0,280000.0
564.0,23.0,23.0,HR,high school,211.0,70000.0
506.0,56.0,34.0,it,Unknown,166.0,260000.0
367.0,40.128702757916244,23.0,it,BSc,191.0,170000.0
144.0,41.0,16.0,FINANCE,High School,208.0,135000.0
69.0,28.0,4.0,FINANCE,PhD,168.0,110000.0
99.0,30.0,19.0,it,Unknown,145.0,260000.0
396.0,51.0,20.0,Finance,BSc,237.0,115000.0
25.0,42.0,39.0,it,high school,210.0,185000.0
469.0,24.0,30.0,IT,BSc,201.0,135000.0
484.0,21.0,35.0,IT,BSc,228.0,185000.0
565.0,25.0,10.0,Finance,high school,163.0,300000.0
151.0,37.0,14.0,Unknown,MSc,195.0,180000.0
144.0,46.0,18.0,Hr,MSc,195.0,205000.0
569.0,120.0,6.0,Unknown,High School,117.0,280000.0
39.0,40.128702757916244,27.0,It,High School,222.0,90000.0
109.0,27.0,4.0,Unknown,MSc,189.0,245000.0
693.0,60.0,4.0,HR,Unknown,125.0,205000.0
42.0,51.0,29.0,Unknown,PhD,104.0,145000.0
186.0,43.0,31.0,HR,BSc,100.0,185000.0
398.0,58.0,7.0,Finance,PhD,200.0,210000.0
223.0,20.0,9.0,IT,BSc,201.0,65000.0
634.0,23.0,37.0,FINANCE,MSc,212.0,275000.0
133.0,22.0,31.0,HR,High School,149.0,215000.0
163.0,22.0,27.0,IT,Unknown,192.0,285000.0
215.0,40.0,16.0,Hr,High School,186.0,60000.0
733.0,26.0,30.0,It,PhD,191.0,175000.0
235.0,52.0,7.0,Hr,High School,187.0,85000.0
658.0,37.0,39.0,Finance,MSc,126.0,75000.0
751.0,59.0,24.0,Unknown,Unknown,170.0,125000.0
588.0,52.0,8.0,Unknown,PhD,97.0,165000.0
9.0,35.0,1.0,it,Unknown,228.0,285000.0
74.0,34.0,14.0,it,BSc,183.0,240000.0
492.0,41.0,2.0,it,High School,230.0,195000.0
253.0,20.0,35.0,Hr,Unknown,119.0,270000.0
230.0,49.0,3.0,HR,high school,217.0,110000.0
519.0,52.0,13.0,It,High School,168.0,70000.0
174.0,55.0,40.0,it,BSc,140.0,170000.0
653.0,30.0,40.0,Finance,Unknown,84.0,145000.0
168.0,42.0,24.0,Finance,PhD,201.0,187989.69072164947
170.0,26.0,9.0,it,BSc,134.0,135000.0
393.0,21.0,20.0,Unknown,high school,116.0,280000.0
795.0,31.0,35.0,it,Unknown,135.0,135000.0
634.0,54.0,11.0,It,MSc,181.0,55000.0
194.0,51.0,26.0,it,High School,172.0,95000.0
517.0,28.0,39.0,It,PhD,152.0,270000.0
29.0,58.0,1.0,Finance,MSc,138.0,295000.0
165.0,20.0,12.0,it,Unknown,81.0,280000.0
422.0,45.0,31.0,Hr,Unknown,183.0,105000.0
339.0,46.0,30.0,FINANCE,BSc,130.0,280000.0
648.0,26.0,15.0,Hr,Unknown,109.0,110000.0
496.0,20.0,31.0,Finance,PhD,90.0,295000.0
365.0,42.0,31.0,It,MSc,187.0,280000.0
342.0,51.0,33.0,Hr,PhD,155.0,100000.0
500.0,29.0,10.0,It,high school,169.0,140000.0
657.0,59.0,9.0,Hr,high school,202.0,220000.0
511.0,26.0,14.0,Hr,High School,204.0,240000.0
327.0,32.0,16.0,It,High School,201.0,-50000.0
217.0,57.0,39.0,HR,high school,173.0,175000.0
301.0,42.0,17.0,Hr,Unknown,182.0,275000.0
132.0,22.0,8.0,it,PhD,500.0,115000.0
70.0,28.0,24.0,FINANCE,high school,110.0,187989.69072164947
252.0,51.0,39.0,Finance,High School,131.0,270000.0
415.0,41.0,13.0,HR,high school,168.0,265000.0
787.0,32.0,24.0,It,Unknown,155.0,165000.0
445.0,55.0,21.0,HR,high school,208.0,250000.0
182.0,25.0,29.0,IT,PhD,101.0,50000.0
167.0,22.0,19.0,IT,MSc,119.0,300000.0
91.0,43.0,20.0,Hr,Unknown,180.0,260000.0
714.0,35.0,31.0,Hr,High School,190.0,155000.0
531.0,23.0,20.0,it,PhD,208.0,160000.0
39.0,54.0,34.0,FINANCE,high school,144.0,187989.69072164947
126.0,30.0,31.0,Finance,high school,228.0,140000.0
451.0,45.0,29.0,HR,MSc,158.0,135000.0
173.0,22.0,38.0,IT,High School,101.0,105000.0
653.0,30.0,11.0,Hr,High School,178.0,185000.0
754.0,34.0,40.0,Unknown,BSc,87.0,185000.0
220.0,57.0,17.0,Unknown,High School,96.0,210000.0
638.0,120.0,20.0,Finance,MSc,96.0,140000.0
58.0,49.0,12.0,HR,BSc,169.0,185000.0
660.0,46.0,20.0,Hr,BSc,220.0,1000000.0
476.0,20.0,7.0,Hr,high school,224.0,290000.0
456.0,57.0,39.0,IT,high school,160.0,230000.0
361.0,51.0,6.0,IT,High School,157.0,175000.0
1.0,57.0,22.0,Hr,BSc,85.0,220000.0
387.0,44.0,31.0,It,high school,-20.0,215000.0
348.0,30.0,10.0,Hr,MSc,189.0,220000.0
190.0,120.0,21.0,Finance,high school,93.0,245000.0
505.0,50.0,21.0,Hr,Unknown,151.0,125000.0
191.0,23.0,24.0,it,Unknown,222.0,235000.0
508.0,41.0,21.0,FINANCE,high school,133.0,110000.0
369.0,36.0,27.0,it,BSc,106.0,160000.0
409.0,33.0,28.0,it,BSc,92.0,187989.69072164947
117.0,57.0,12.0,It,PhD,238.0,155000.0
134.0,45.0,17.0,It,Unknown,-20.0,125000.0
58.0,50.0,1.0,Unknown,MSc,139.0,185000.0
556.0,58.0,28.0,Hr,BSc,85.0,285000.0
685.0,30.0,20.0,it,High School,137.0,220000.0
672.0,60.0,14.0,It,Unknown,128.0,270000.0
173.0,120.0,26.0,IT,MSc,230.0,275000.0
149.0,42.0,30.0,Hr,MSc,500.0,85000.0
80.0,59.0,14.0,Finance,BSc,105.0,265000.0
213.0,53.0,22.0,FINANCE,MSc,126.0,155000.0
203.0,44.0,23.0,HR,BSc,84.0,150000.0
764.0,55.0,12.0,Hr,high school,99.0,175000.0
229.0,24.0,21.0,HR,Unknown,213.0,245000.0
676.0,22.0,36.0,it,PhD,138.0,150000.0
227.0,60.0,32.0,FINANCE,high school,225.0,170000.0
659.0,120.0,2.0,HR,Unknown,211.0,250000.0
532.0,48.0,18.0,it,BSc,96.0,50000.0
441.0,40.0,22.0,IT,Unknown,93.0,75000.0
402.0,59.0,28.0,HR,BSc,92.0,160000.0
47.0,27.0,29.0,FINANCE,high school,214.0,300000.0
233.0,49.0,38.0,Unknown,High School,207.0,160000.0
305.0,60.0,24.0,Hr,High School,123.0,260000.0
526.0,47.0,36.0,it,Unknown,198.0,260000.0
143.0,56.0,7.0,Hr,High School,222.0,160000.0
415.0,48.0,19.946666666666665,FINANCE,BSc,98.0,205000.0
513.0,35.0,15.0,It,MSc,142.0,195000.0
373.0,53.0,7.0,it,BSc,-20.0,110000.0
566.0,19.0,0.0,HR,MSc,160.0,260000.0
259.0,31.0,4.0,it,high school,-20.0,135000.0
656.0,30.0,2.0,Hr,PhD,226.0,160000.0
471.0,46.0,0.0,IT,MSc,227.0,120000.0
12.0,29.0,3.0,it,High School,179.0,210000.0
330.0,56.0,39.0,HR,BSc,-20.0,150000.0
736.0,19.0,34.0,It,high school,239.0,240000.0
784.0,49.0,31.0,Unknown,High School,201.0,160000.0
358.0,30.0,19.946666666666665,Finance,high school,123.0,180000.0
408.0,40.128702757916244,33.0,IT,PhD,183.0,270000.0
668.0,44.0,24.0,Unknown,BSc,231.0,265000.0
373.0,58.0,9.0,It,Unknown,140.0,135000.0
8.0,34.0,20.0,it,BSc,204.0,165000.0
122.0,57.0,38.0,Hr,PhD,224.0,300000.0
348.0,48.0,26.0,FINANCE,BSc,150.0,280000.0
676.0,51.0,26.0,Hr,Unknown,186.0,245000.0
90.0,41.0,1.0,Unknown,MSc,129.0,300000.0
648.0,120.0,40.0,HR,high school,144.0,255000.0
698.0,52.0,12.0,Hr,Unknown,178.0,80000.0
316.0,23.0,8.0,IT,High School,111.0,295000.0
178.0,36.0,35.0,Hr,PhD,161.51661631419938,285000.0
540.0,47.0,21.0,HR,MSc,220.0,145000.0
732.0,24.0,19.946666666666665,Finance,High School,137.0,180000.0
41.0,27.0,25.0,it,High School,207.0,75000.0
740.0,58.0,11.0,FINANCE,PhD,221.0,180000.0
704.0,49.0,16.0,Unknown,MSc,191.0,90000.0
502.0,51.0,13.0,it,High School,147.0,-50000.0
145.0,45.0,13.0,Hr,High School,119.0,270000.0
201.0,32.0,33.0,It,MSc,223.0,200000.0
724.0,47.0,19.0,it,BSc,211.0,150000.0
461.0,54.0,10.0,Finance,High School,169.0,175000.0
732.0,46.0,15.0,Hr,high school,107.0,245000.0
752.0,39.0,30.0,FINANCE,MSc,175.0,285000.0
558.0,21.0,5.0,HR,High School,110.0,270000.0
547.0,37.0,18.0,Finance,PhD,82.0,110000.0
253.0,49.0,36.0,Hr,Unknown,215.0,290000.0
390.0,53.0,3.0,Finance,high school,103.0,160000.0
594.0,21.0,3.0,it,Unknown,94.0,145000.0
256.0,44.0,19.0,FINANCE,Unknown,238.0,230000.0
709.0,34.0,9.0,HR,High School,124.0,187989.69072164947
450.0,29.0,23.0,Hr,high school,87.0,-50000.0
10.0,39.0,34.0,IT,high school,150.0,185000.0
798.0,34.0,25.0,Unknown,BSc,187.0,130000.0
242.0,27.0,36.0,HR,Unknown,194.0,185000.0
251.0,18.0,37.0,IT,high school,182.0,250000.0
5.0,39.0,20.0,Finance,BSc,204.0,55000.0
119.0,43.0,39.0,It,MSc,136.0,170000.0
400.7975951903808,35.0,38.0,HR,BSc,109.0,295000.0
374.0,31.0,20.0,Finance,PhD,225.0,250000.0
65.0,46.0,9.0,IT,High School,193.0,75000.0
146.0,29.0,37.0,it,MSc,196.0,100000.0
224.0,53.0,3.0,it,MSc,139.0,235000.0
239.0,52.0,19.0,It,PhD,177.0,75000.0
177.0,29.0,16.0,Unknown,BSc,205.0,270000.0
779.0,24.0,6.0,HR,High School,230.0,100000.0
282.0,46.0,3.0,HR,BSc,173.0,115000.0
63.0,28.0,28.0,HR,high school,213.0,55000.0
217.0,50.0,13.0,Unknown,BSc,201.0,245000.0
795.0,23.0,2.0,Finance,MSc,187.0,60000.0
689.0,32.0,23.0,FINANCE,High School,83.0,-50000.0
461.0,49.0,36.0,FINANCE,BSc,172.0,220000.0
610.0,28.0,15.0,It,High School,230.0,210000.0
105.0,40.0,3.0,HR,High School,85.0,165000.0
99.0,43.0,23.0,Finance,high school,111.0,140000.0
511.0,51.0,33.0,it,high school,185.0,135000.0
385.0,40.128702757916244,29.0,IT,MSc,225.0,290000.0
405.0,51.0,17.0,Finance,PhD,94.0,1000000.0
518.0,46.0,18.0,Unknown,High School,201.0,165000.0
476.0,21.0,30.0,FINANCE,PhD,175.0,270000.0
709.0,34.0,18.0,FINANCE,MSc,85.0,220000.0
645.0,52.0,18.0,it,High School,191.0,50000.0
771.0,30.0,21.0,it,High School,199.0,225000.0
437.0,58.0,23.0,Unknown,Unknown,202.0,170000.0
23.0,56.0,11.0,IT,PhD,146.0,270000.0
565.0,32.0,29.0,it,BSc,185.0,290000.0
677.0,46.0,37.0,It,high school,218.0,260000.0
714.0,46.0,30.0,IT,BSc,122.0,215000.0
458.0,28.0,35.0,it,PhD,224.0,170000.0
83.0,49.0,18.0,Hr,high school,175.0,125000.0
145.0,19.0,35.0,Finance,BSc,211.0,215000.0
85.0,31.0,29.0,it,Unknown,160.0,190000.0
78.0,37.0,32.0,It,high school,120.0,140000.0
457.0,39.0,17.0,HR,High School,212.0,160000.0
1.0,28.0,27.0,it,BSc,239.0,140000.0
51.0,44.0,10.0,FINANCE,high school,114.0,170000.0
685.0,20.0,32.0,FINANCE,Unknown,101.0,125000.0
717.0,34.0,16.0,FINANCE,high school,229.0,187989.69072164947
772.0,-10.0,5.0,HR,high school,191.0,300000.0
446.0,45.0,3.0,FINANCE,Unknown,90.0,90000.0
449.0,46.0,19.0,Hr,BSc,82.0,50000.0
488.0,38.0,26.0,it,MSc,216.0,255000.0
800.0,33.0,14.0,Unknown,BSc,139.0,140000.0
34.0,54.0,5.0,FINANCE,PhD,155.0,210000.0
348.0,37.0,13.0,IT,Unknown,166.0,215000.0
95.0,23.0,10.0,Unknown,BSc,93.0,125000.0
72.0,36.0,38.0,HR,high school,97.0,265000.0
551.0,22.0,8.0,Hr,Unknown,192.0,245000.0
154.0,20.0,25.0,IT,High School,152.0,135000.0
250.0,18.0,15.0,IT,BSc,102.0,215000.0
674.0,55.0,4.0,IT,Unknown,162.0,170000.0
438.0,32.0,9.0,IT,BSc,204.0,270000.0
118.0,51.0,2.0,Unknown,Unknown,148.0,75000.0
771.0,52.0,12.0,Unknown,high school,126.0,150000.0
306.0,42.0,29.0,it,High School,195.0,75000.0
268.0,41.0,5.0,FINANCE,High School,109.0,205000.0
54.0,29.0,16.0,Finance,PhD,104.0,250000.0
236.0,35.0,18.0,it,Unknown,235.0,285000.0
389.0,32.0,19.946666666666665,it,BSc,191.0,260000.0
734.0,-10.0,34.0,Hr,High School,104.0,240000.0
763.0,33.0,25.0,Hr,High School,153.0,200000.0
401.0,44.0,4.0,FINANCE,MSc,137.0,255000.0
624.0,25.0,28.0,Finance,MSc,173.0,95000.0
767.0,40.128702757916244,36.0,Hr,High School,198.0,195000.0
303.0,42.0,19.0,FINANCE,Unknown,206.0,1000000.0
207.0,34.0,20.0,FINANCE,PhD,104.0,135000.0
229.0,46.0,9.0,Unknown,High School,157.0,165000.0
578.0,25.0,4.0,It,high school,178.0,1000000.0
75.0,32.0,35.0,Unknown,BSc,195.0,90000.0
435.0,44.0,5.0,Finance,PhD,127.0,200000.0
103.0,40.128702757916244,25.0,Hr,high school,89.0,120000.0
422.0,24.0,3.0,Finance,PhD,178.0,65000.0
704.0,20.0,38.0,it,high school,90.0,245000.0
764.0,46.0,38.0,it,BSc,164.0,90000.0
738.0,-10.0,34.0,Finance,BSc,228.0,270000.0
306.0,41.0,0.0,It,MSc,214.0,90000.0
98.0,20.0,23.0,It,Unknown,205.0,175000.0
798.0,37.0,35.0,Unknown,high school,143.0,65000.0
335.0,40.128702757916244,5.0,Finance,MSc,81.0,130000.0
435.0,32.0,40.0,Hr,high school,155.0,125000.0
447.0,42.0,30.0,Unknown,MSc,200.0,120000.0
308.0,47.0,19.0,HR,BSc,121.0,220000.0
249.0,31.0,23.0,It,PhD,133.0,1000000.0
166.0,24.0,24.0,IT,MSc,154.0,70000.0
481.0,34.0,35.0,Unknown,high school,95.0,70000.0
335.0,-10.0,20.0,it,high school,97.0,145000.0
542.0,37.0,29.0,Unknown,Unknown,169.0,120000.0
759.0,53.0,23.0,Finance,BSc,223.0,135000.0
106.0,26.0,19.946666666666665,IT,high school,85.0,280000.0
563.0,55.0,29.0,Finance,High School,187.0,55000.0
81.0,39.0,21.0,FINANCE,PhD,127.0,190000.0
133.0,19.0,27.0,it,MSc,121.0,110000.0
797.0,41.0,6.0,it,Unknown,155.0,65000.0
138.0,25.0,34.0,It,PhD,156.0,255000.0
184.0,28.0,27.0,Unknown,BSc,211.0,270000.0
401.0,30.0,13.0,It,Unknown,209.0,95000.0
330.0,34.0,9.0,IT,MSc,138.0,200000.0
785.0,25.0,15.0,Unknown,MSc,234.0,250000.0
508.0,38.0,15.0,FINANCE,High School,106.0,85000.0
69.0,35.0,30.0,Finance,BSc,158.0,60000.0
546.0,47.0,19.946666666666665,FINANCE,Unknown,151.0,285000.0
774.0,35.0,24.0,it,Unknown,86.0,275000.0
53.0,40.128702757916244,12.0,IT,high school,190.0,90000.0
450.0,48.0,5.0,HR,High School,198.0,195000.0
205.0,55.0,8.0,IT,High School,142.0,-50000.0
126.0,49.0,35.0,Hr,Unknown,203.0,100000.0
747.0,28.0,19.0,IT,Unknown,91.0,220000.0
43.0,120.0,17.0,FINANCE,PhD,220.0,230000.0
752.0,42.0,20.0,Hr,PhD,122.0,255000.0
111.0,50.0,3.0,Hr,PhD,96.0,110000.0
761.0,55.0,32.0,Unknown,High School,142.0,225000.0
663.0,58.0,26.0,Unknown,high school,199.0,110000.0
183.0,25.0,6.0,Hr,MSc,115.0,105000.0
95.0,28.0,5.0,HR,PhD,87.0,230000.0
374.0,39.0,14.0,Unknown,high school,148.0,95000.0
520.0,41.0,17.0,IT,BSc,169.0,90000.0
360.0,58.0,31.0,FINANCE,PhD,115.0,1000000.0
696.0,34.0,10.0,IT,MSc,107.0,80000.0
281.0,29.0,19.0,HR,BSc,197.0,55000.0
195.0,40.128702757916244,23.0,it,BSc,172.0,187989.69072164947
195.0,49.0,14.0,It,MSc,155.0,160000.0
667.0,32.0,6.0,FINANCE,PhD,180.0,240000.0
93.0,33.0,20.0,Unknown,High School,237.0,245000.0
672.0,39.0,19.946666666666665,FINANCE,MSc,230.0,240000.0
61.0,45.0,25.0,IT,MSc,223.0,150000.0
634.0,37.0,13.0,It,MSc,93.0,160000.0
51.0,50.0,36.0,Finance,BSc,150.0,190000.0
403.0,27.0,20.0,Finance,high school,203.0,115000.0
789.0,57.0,17.0,Unknown,High School,204.0,175000.0
5.0,49.0,4.0,HR,PhD,116.0,300000.0
466.0,50.0,2.0,Finance,PhD,108.0,70000.0
604.0,19.0,22.0,FINANCE,high school,222.0,200000.0
682.0,50.0,25.0,Finance,MSc,98.0,170000.0
534.0,50.0,36.0,it,High School,185.0,200000.0
405.0,58.0,23.0,it,PhD,100.0,295000.0
513.0,30.0,18.0,Unknown,Unknown,143.0,145000.0
645.0,47.0,24.0,it,PhD,106.0,265000.0
233.0,50.0,20.0,Finance,MSc,134.0,130000.0
524.0,30.0,11.0,HR,Unknown,108.0,270000.0
346.0,43.0,40.0,Hr,high school,227.0,55000.0
46.0,39.0,32.0,Hr,High School,104.0,170000.0
546.0,56.0,3.0,Unknown,high school,149.0,110000.0
78.0,19.0,19.946666666666665,It,high school,142.0,240000.0
730.0,55.0,6.0,Hr,High School,161.51661631419938,185000.0
73.0,56.0,21.0,Hr,High School,209.0,255000.0
794.0,43.0,32.0,it,PhD,229.0,75000.0
249.0,40.128702757916244,16.0,it,PhD,95.0,60000.0
47.0,32.0,23.0,Finance,High School,225.0,220000.0
121.0,51.0,33.0,Unknown,Unknown,179.0,135000.0
214.0,59.0,27.0,It,BSc,109.0,100000.0
239.0,-10.0,40.0,Unknown,PhD,124.0,187989.69072164947
56.0,57.0,38.0,IT,BSc,98.0,145000.0
350.0,28.0,21.0,FINANCE,Unknown,113.0,70000.0
107.0,20.0,16.0,It,High School,220.0,140000.0
48.0,23.0,33.0,It,Unknown,141.0,155000.0
573.0,26.0,5.0,HR,PhD,197.0,140000.0
337.0,23.0,5.0,Unknown,high school,179.0,280000.0
26.0,26.0,33.0,Finance,High School,101.0,125000.0
257.0,56.0,0.0,HR,MSc,190.0,165000.0
8.0,48.0,9.0,It,BSc,161.51661631419938,250000.0
625.0,49.0,20.0,It,Unknown,152.0,65000.0
253.0,58.0,4.0,It,High School,226.0,120000.0
692.0,29.0,1.0,Hr,Unknown,117.0,170000.0
719.0,25.0,21.0,Unknown,High School,149.0,265000.0
303.0,25.0,1.0,FINANCE,PhD,195.0,220000.0
639.0,45.0,9.0,FINANCE,PhD,158.0,115000.0
56.0,37.0,33.0,HR,PhD,227.0,290000.0
726.0,24.0,15.0,It,Unknown,88.0,140000.0
526.0,28.0,38.0,FINANCE,MSc,111.0,235000.0
474.0,37.0,21.0,it,PhD,211.0,225000.0
28.0,33.0,11.0,Unknown,High School,129.0,80000.0
78.0,21.0,23.0,FINANCE,PhD,161.0,195000.0
216.0,23.0,39.0,Finance,high school,84.0,140000.0
386.0,39.0,37.0,Unknown,PhD,227.0,290000.0
365.0,43.0,9.0,Finance,Unknown,166.0,170000.0
666.0,20.0,34.0,FINANCE,MSc,205.0,125000.0
526.0,58.0,31.0,it,high school,154.0,280000.0
699.0,59.0,6.0,Finance,Unknown,101.0,187989.69072164947
312.0,31.0,20.0,Hr,Unknown,147.0,245000.0
7.0,28.0,19.0,FINANCE,Unknown,123.0,300000.0
3.0,35.0,25.0,Hr,High School,113.0,85000.0
623.0,29.0,3.0,FINANCE,Unknown,156.0,135000.0
750.0,40.0,21.0,IT,High School,121.0,185000.0
363.0,29.0,14.0,IT,Unknown,216.0,125000.0
751.0,30.0,39.0,IT,BSc,185.0,1000000.0
508.0,42.0,20.0,Finance,high school,174.0,140000.0
274.0,120.0,14.0,Hr,BSc,214.0,255000.0
506.0,36.0,21.0,Hr,Unknown,147.0,130000.0
739.0,40.128702757916244,27.0,Hr,high school,226.0,270000.0
15.0,53.0,13.0,it,high school,238.0,110000.0
192.0,120.0,26.0,Hr,MSc,207.0,80000.0
631.0,25.0,40.0,it,BSc,-20.0,180000.0
485.0,46.0,39.0,IT,MSc,164.0,95000.0
28.0,49.0,27.0,IT,high school,238.0,215000.0
714.0,-10.0,25.0,Finance,High School,162.0,225000.0
39.0,35.0,1.0,FINANCE,high school,174.0,170000.0
273.0,23.0,24.0,IT,MSc,111.0,75000.0
